WardName,WardCode,Wardcode,PctSharedOwnership2011,PctRentFree2011,Candidate,InnerOuter,x,y,AvgGCSE2011,UnauthAbsenceSchools11
City of London,00AA,E09000001,0.296465222,4.994298746,Boris,Inner,532479.7201,181272.0,363.0909091,0.436792453
Barking and Dagenham - Abbey,00ABFX,E05000026,1.115485564,0.853018373,Ken,Outer,544218.2356,184361.398,335.3592593,1.477417262
Barking and Dagenham - Alibon,00ABFY,E05000027,1.460589272,0.75547721,Ken,Outer,549061.5648,185152.6226,333.1115702,1.454398148
Barking and Dagenham - Becontree,00ABFZ,E05000028,2.197802198,1.543137713,Ken,Outer,546997.5893,186088.9148,327.0138554,1.509858388
Barking and Dagenham - Chadwell Heath,00ABGA,E05000029,0.532724505,1.141552511,Ken,Outer,548358.8573,189491.71,339.7823077,1.538590604
Barking and Dagenham - Eastbrook,00ABGB,E05000030,0.514535632,0.746076666,Boris,Outer,550788.7056,186098.255,329.5134752,1.055846917
Barking and Dagenham - Eastbury,00ABGC,E05000031,0.842696629,0.561797753,Ken,Outer,546140.2395,183987.5651,349.0125984,1.399894292
Barking and Dagenham - Gascoigne,00ABGD,E05000032,2.863293864,1.119483315,Ken,Outer,544595.7531,183561.6805,330.7742424,1.370996348
Barking and Dagenham - Goresbrook,00ABGE,E05000033,2.819237148,0.971333807,Ken,Outer,548211.3194,184071.8051,331.8974843,1.411272321
Barking and Dagenham - Heath,00ABGF,E05000034,0.78758397,0.972897846,Ken,Outer,549443.3992,186491.6598,326.0090226,1.240289855
Barking and Dagenham - Longbridge,00ABGG,E05000035,0.376344086,1.26344086,Ken,Outer,545482.291,184854.9817,352.2083871,0.944707924
Barking and Dagenham - Mayesbrook,00ABGH,E05000036,0.762970498,1.195320448,Ken,Outer,547051.1721,184922.1665,339.2007092,1.302548167
Barking and Dagenham - Parsloes,00ABGJ,E05000037,1.420678769,0.868192581,Ken,Outer,548125.0474,185640.9439,332.0710526,1.342580214
Barking and Dagenham - River,00ABGK,E05000038,0.806248425,0.957420005,Ken,Outer,549478.9664,182985.1929,337.1648,1.476708259
Barking and Dagenham - Thames,00ABGL,E05000039,1.845764855,0.733249052,Ken,Outer,547048.4076,182800.0916,328.8460784,1.101642229
Barking and Dagenham - Valence,00ABGM,E05000040,0.578034682,0.945874934,Ken,Outer,548034.7403,186794.5431,339.7527559,1.532351097
Barking and Dagenham - Village,00ABGN,E05000041,1.537418042,0.881754465,Ken,Outer,550331.2168,184463.876,316.9772358,1.682974684
Barking and Dagenham - Whalebone,00ABGP,E05000042,1.183580962,0.679929489,Ken,Outer,548566.5771,187605.3514,344.6807018,1.295822281
Barnet - Brunswick Park,00ACFX,E05000043,1.468889256,0.891236178,Boris,Outer,528502.7023,193825.6759,366.5830097,0.587897804
Barnet - Burnt Oak,00ACFY,E05000044,2.925531915,1.439299124,Ken,Outer,520628.0564,190842.4731,342.8168627,1.098793042
Barnet - Childs Hill,00ACFZ,E05000045,0.689565444,2.146760343,Boris,Outer,524674.2165,186661.0355,369.4256098,1.014362057
Barnet - Colindale,00ACGA,E05000046,2.098569157,1.319554849,Ken,Outer,521622.3764,189812.8347,341.899422,1.292735043
Barnet - Coppetts,00ACGB,E05000047,0.59009787,2.504317789,Boris,Outer,528069.6289,191881.7969,368.2994286,0.92642015
Barnet - East Barnet,00ACGC,E05000048,0.643086817,1.22492727,Boris,Outer,527336.6424,195814.7086,350.6362573,0.615518962
Barnet - East Finchley,00ACGD,E05000049,0.842992624,1.354809574,Ken,Outer,526933.5347,190056.0292,351.0095941,1.122244094
Barnet - Edgware,00ACGE,E05000050,1.203812072,1.605082762,Boris,Outer,519030.7092,193347.2175,356.4011628,0.919730942
Barnet - Finchley Church End,00ACGF,E05000051,0.190870049,2.163193892,Boris,Outer,524694.2819,190136.866,369.0480392,0.865737952
Barnet - Garden Suburb,00ACGG,E05000052,0.22296544,2.134097786,Boris,Outer,525971.5262,188465.0597,379.5219512,0.764852608
Barnet - Golders Green,00ACGH,E05000053,0.698732532,1.803704907,Boris,Outer,523950.5604,187724.1408,362.8547445,1.124675325
Barnet - Hale,00ACGJ,E05000054,0.420371867,1.196443007,Boris,Outer,520761.9603,193358.9297,348.3361257,0.900360036
Barnet - Hendon,00ACGK,E05000055,0.473797559,1.83776023,Boris,Outer,523098.6414,189519.7094,353.9710744,1.117798595
Barnet - High Barnet,00ACGL,E05000056,1.040391677,1.484088127,Boris,Outer,523744.4281,196638.5677,380.9744186,0.355003499
Barnet - Mill Hill,00ACGM,E05000057,0.378181818,1.992727273,Boris,Outer,523018.5918,192048.4129,359.8989305,0.925159236
Barnet - Oakleigh,00ACGN,E05000058,0.437459494,1.328580687,Boris,Outer,526697.5418,194421.8099,368.562585,0.708569704
Barnet - Totteridge,00ACGP,E05000059,0.653594771,1.28998968,Boris,Outer,524603.368,193868.7481,378.5144444,0.556803456
Barnet - Underhill,00ACGQ,E05000060,1.459390863,1.269035533,Boris,Outer,523354.9945,195438.6703,337.1758065,1.16280285
Barnet - West Finchley,00ACGR,E05000061,0.47868362,1.585639491,Boris,Outer,525618.3262,191370.6571,376.762037,0.963434493
Barnet - West Hendon,00ACGS,E05000062,0.771208226,1.542416452,Boris,Outer,522370.6494,188083.5259,351.9962025,1.121984216
Barnet - Woodhouse,00ACGT,E05000063,0.868809731,1.404575731,Boris,Outer,526689.4075,191811.2657,358.8798883,0.918152866
Bexley - Barnehurst,00ADGA,E05000064,0.259862981,0.779588944,Boris,Outer,550294.634,175401.0493,365.0755556,0.906533436
Bexley - Belvedere,00ADGB,E05000065,0.662388739,1.014282757,Boris,Outer,549389.3309,179197.6978,312.0006993,1.377339004
Bexley - Blackfen and Lamorbey,00ADGC,E05000066,0.601250601,0.817700818,Boris,Outer,545457.531,173911.5252,363.6834783,0.779772889
Bexley - Blendon and Penhill,00ADGD,E05000067,0.331047529,0.520217546,Boris,Outer,547213.6434,174018.2326,354.7342657,0.798532495
Bexley - Brampton,00ADGE,E05000068,0.240326845,0.720980534,Boris,Outer,548686.8496,176531.1505,366.3496183,0.709596774
Bexley - Christchurch,00ADGF,E05000069,0.268997983,0.986325936,Boris,Outer,548850.8741,175079.644,374.9862595,0.958012821
Bexley - Colyers,00ADGG,E05000070,1.264964988,0.880957759,Boris,Outer,550847.338,176792.5793,341.575817,1.254875717
Bexley - Crayford,00ADGH,E05000071,1.349356947,0.801180687,Boris,Outer,551698.5002,174939.7707,336.3927632,1.140632754
Bexley - Cray Meadows,00ADGJ,E05000072,1.338432122,0.892288082,Boris,Outer,548431.9629,171550.3894,351.7490566,1.055349183
Bexley - Danson Park,00ADGK,E05000073,1.033011453,0.853357287,Boris,Outer,547257.9774,175253.7535,356.297037,1.042647059
Bexley - East Wickham,00ADGL,E05000074,0.736342043,0.712589074,Boris,Outer,545756.7351,176435.8758,345.684375,1.277105832
Bexley - Erith,00ADGM,E05000075,3.16751269,1.035532995,Boris,Outer,550567.8884,178609.005,337.0985816,1.486937223
Bexley - Falconwood and Welling,00ADGN,E05000076,0.655817343,0.728685936,Boris,Outer,545743.5529,175320.4782,344.3028169,0.950951087
Bexley - Lesnes Abbey,00ADGP,E05000077,0.828481863,0.604567846,Boris,Outer,547990.3088,178300.1441,335.1672619,1.043154574
Bexley - Longlands,00ADGQ,E05000078,0.491071429,0.714285714,Boris,Outer,545665.4793,171881.8606,373.8268041,0.752079395
Bexley - North End,00ADGR,E05000079,0.496652991,0.863744332,Ken,Outer,552720.3833,176967.4308,321.818705,1.540409483
Bexley - Northumberland Heath,00ADGS,E05000080,0.472284365,0.94456873,Boris,Outer,549566.9473,177294.7505,350.0323529,1.036053985
Bexley - St. Mary's,00ADGT,E05000081,0.233100233,0.769230769,Boris,Outer,549285.6067,173361.4697,376.2841121,0.520816327
Bexley - St. Michael's,00ADGU,E05000082,0.600901352,0.650976465,Boris,Outer,547235.1854,176743.0051,351.5967213,0.78896028
Bexley - Sidcup,00ADGW,E05000083,1.157098353,0.801068091,Boris,Outer,546467.7583,172659.2165,370.0724409,0.730438842
Bexley - Thamesmead East,00ADGX,E05000084,0.437541019,1.1157296,Ken,Outer,548306.8713,180249.1159,347.809697,1.395528669
Brent - Alperton,00AEGJ,E05000085,1.203079885,1.539942252,Ken,Outer,518373.8467,183773.4798,332.3626298,1.066550926
Brent - Barnhill,00AEGK,E05000086,2.126872573,1.424079896,Ken,Outer,519339.1991,187207.7368,355.0306818,0.93946941
Brent - Brondesbury Park,00AEGL,E05000087,0.524541027,1.742225553,Ken,Outer,523615.1903,184172.0474,340.3037037,0.902949853
Brent - Dollis Hill,00AEGM,E05000088,1.407129456,1.149155722,Ken,Outer,522328.2022,186526.6599,331.3035928,1.234131737
Brent - Dudden Hill,00AEGN,E05000089,0.981146595,1.212004617,Ken,Outer,522010.6414,185388.8615,348.2309524,1.209141104
Brent - Fryent,00AEGP,E05000090,0.708733425,1.486053955,Ken,Outer,520305.2136,188451.5356,356.3815603,0.696878752
Brent - Harlesden,00AEGQ,E05000091,1.728283739,1.668169522,Ken,Outer,521414.2859,183892.9952,308.4743842,1.497451215
Brent - Kensal Green,00AEGR,E05000092,1.269998351,1.319478806,Ken,Outer,522396.3627,183258.7024,305.7681034,1.237262873
Brent - Kenton,00AEGS,E05000093,0.310398345,1.422659079,Boris,Outer,517893.7819,188309.1848,374.3834711,0.425332226
Brent - Kilburn,00AEGT,E05000094,1.149125098,1.04465918,Ken,Outer,525034.6097,183529.2151,340.2530435,1.070766488
Brent - Mapesbury,00AEGU,E05000095,0.713492944,0.90375773,Ken,Outer,523588.3869,185387.5114,333.4438202,0.996666667
Brent - Northwick Park,00AEGW,E05000096,1.159700411,1.473785939,Boris,Outer,516673.5512,186916.9766,370.1810811,0.661934972
Brent - Preston,00AEGX,E05000097,2.002002002,1.501501502,Ken,Outer,518131.6317,186627.6227,365.036478,1.251712521
Brent - Queens Park,00AEGY,E05000098,0.637551801,1.338858782,Ken,Outer,523989.3648,183322.1509,348.1678571,1.079292494
Brent - Queensbury,00AEGZ,E05000099,2.157816797,1.523164798,Ken,Outer,519731.1268,189578.7442,348.3237569,0.693473792
Brent - Stonebridge,00AEHA,E05000100,2.659664577,1.795697103,Ken,Outer,520289.2079,183994.6384,322.932377,1.51958909
Brent - Sudbury,00AEHB,E05000101,0.578154037,1.300846583,Ken,Outer,516917.3757,185491.9083,355.7512987,1.068901408
Brent - Tokyngton,00AEHC,E05000102,2.837171053,1.459703947,Ken,Outer,519452.5569,185276.339,342.878,1.064752596
Brent - Welsh Harp,00AEHD,E05000103,1.497192764,1.330838012,Ken,Outer,520849.8552,186738.8651,341.1892562,1.092261185
Brent - Wembley Central,00AEHE,E05000104,2.283105023,1.415525114,Ken,Outer,518160.0159,184830.6917,342.8827957,1.165093168
Brent - Willesden Green,00AEHF,E05000105,2.950387341,1.681226306,Ken,Outer,522492.8518,184432.6786,320.8901639,1.237262357
Bromley - Bickley,00AFGD,E05000106,0.435729847,0.938495056,Boris,Outer,542440.7011,168941.4346,388.9541985,0.534263233
Bromley - Biggin Hill,00AFGE,E05000107,0.869565217,0.869565217,Boris,Outer,541126.9261,159412.3208,355.3674242,0.747241647
Bromley - Bromley Common and Keston,00AFGF,E05000108,0.740860042,0.934127879,Boris,Outer,542146.3306,165698.0976,363.2509202,0.757875834
Bromley - Bromley Town,00AFGG,E05000109,0.957647694,1.011599676,Boris,Outer,540240.41,169110.9592,372.6651316,0.736500579
Bromley - Chelsfield and Pratts Bottom,00AFGH,E05000110,0.566037736,0.686106346,Boris,Outer,547253.7457,163449.5341,368.6116959,0.500670391
Bromley - Chislehurst,00AFGJ,E05000111,0.230111769,1.314924392,Boris,Outer,544347.9807,170273.7967,372.6990566,0.701140065
Bromley - Clock House,00AFGK,E05000112,1.304158818,0.840457905,Boris,Outer,535885.2707,169137.3337,363.5157025,0.812580231
Bromley - Copers Cope,00AFGL,E05000113,0.752714709,1.209279368,Boris,Outer,537843.1043,169946.87,355.5492754,1.059532164
Bromley - Cray Valley East,00AFGM,E05000114,1.58374421,0.956222919,Boris,Outer,548409.7897,168003.0678,336.6829412,1.511312439
Bromley - Cray Valley West,00AFGN,E05000115,1.47579693,0.826446281,Boris,Outer,546364.0225,168908.3115,332.7813397,1.404812623
Bromley - Crystal Palace,00AFGP,E05000116,1.570680628,0.703534031,Ken,Outer,534387.5554,170430.341,329.7115385,1.878852459
Bromley - Darwin,00AFGQ,E05000117,0.816522574,1.44092219,Boris,Outer,543432.7829,160679.3696,366.5666667,1.196391753
Bromley - Farnborough and Crofton,00AFGR,E05000118,0.244140625,0.927734375,Boris,Outer,543986.8165,164950.1022,380.5019139,0.65929878
Bromley - Hayes and Coney Hall,00AFGS,E05000119,0.196399345,0.687397709,Boris,Outer,540118.6209,165331.5623,376.0870968,0.451195748
Bromley - Kelsey and Eden Park,00AFGT,E05000120,0.42306487,1.143842056,Boris,Outer,537175.637,167917.1326,364.23,0.451571709
Bromley - Mottingham and Chislehurst North,00AFGU,E05000121,1.057082452,1.151045337,Boris,Outer,542016.4019,172342.9368,342.1132075,2.044071429
Bromley - Orpington,00AFGW,E05000122,1.167008358,0.615044946,Boris,Outer,546931.3015,165699.8122,365.8858108,0.785237835
Bromley - Penge and Cator,00AFGX,E05000123,1.107924922,0.808133472,Ken,Outer,535816.1938,170355.8086,337.0903614,1.515883555
Bromley - Petts Wood and Knoll,00AFGY,E05000124,0.146923783,0.899908173,Boris,Outer,544730.2048,167261.3902,384.3679104,0.468275373
Bromley - Plaistow and Sundridge,00AFGZ,E05000125,0.704548936,0.918976872,Boris,Outer,540785.1736,170689.6066,351.0008403,1.176391437
Bromley - Shortlands,00AFHA,E05000126,0.143334926,0.907787864,Boris,Outer,539114.907,168273.4344,377.4528846,0.248378128
Bromley - West Wickham,00AFHB,E05000127,0.420021001,1.085054253,Boris,Outer,538485.8619,166196.9988,372.0853774,0.352595827
Camden - Belsize,00AGGD,E05000128,0.244658294,1.631055293,Boris,Inner,527230.7945,184618.8451,329.8291667,0.919376026
Camden - Bloomsbury,00AGGE,E05000129,0.45652625,2.967420627,Boris,Inner,529733.5899,181997.6032,362.7530612,1.08557047
Camden - Camden Town with Primrose Hill,00AGGF,E05000130,0.592718036,1.524132091,Ken,Inner,528455.6418,184001.1197,356.604,0.872208437
Camden - Cantelowes,00AGGG,E05000131,0.647820966,1.217118178,Ken,Inner,529514.5279,184552.3146,316.4788235,1.121556886
Camden - Fortune Green,00AGGH,E05000132,0.713749061,1.277235162,Boris,Inner,524780.4016,185328.4663,328.498,1.041969697
Camden - Frognal and Fitzjohns,00AGGJ,E05000133,0.303643725,2.550607287,Boris,Inner,526011.3574,185532.9947,327.5,1.195681063
Camden - Gospel Oak,00AGGK,E05000134,0.773615635,1.384364821,Ken,Inner,527928.0325,185384.6535,320.7484848,1.297329888
Camden - Hampstead Town,00AGGL,E05000135,0.192307692,2.557692308,Boris,Inner,526672.0955,186182.0742,322.1666667,1.067346939
Camden - Haverstock,00AGGM,E05000136,0.970688999,1.141987057,Ken,Inner,528137.4034,184696.9609,329.6921569,1.368116976
Camden - Highgate,00AGGN,E05000137,0.710108605,1.796157059,Ken,Inner,527968.7065,186684.2544,327.1671053,1.348726852
Camden - Holborn and Covent Garden,00AGGP,E05000138,0.523388943,2.338894341,Ken,Inner,530693.6424,181690.9563,330.8731092,0.974919268
Camden - Kentish Town,00AGGQ,E05000139,0.949421716,1.380977041,Ken,Inner,529041.4788,185261.2115,332.3168421,1.066165414
Camden - Kilburn,00AGGR,E05000140,1.233067037,1.319902744,Ken,Inner,525578.7612,183929.4054,332.2192771,0.972727273
Camden - King's Cross,00AGGS,E05000141,0.30474532,2.829777971,Ken,Inner,530419.8863,182588.5438,290.0808333,1.362318841
Camden - Regent's Park,00AGGT,E05000142,0.58907533,1.767225991,Ken,Inner,528939.9664,182952.1696,321.1010929,1.088735818
Camden - St. Pancras and Somers Town,00AGGU,E05000143,2.362204724,1.342161775,Ken,Inner,529774.924,183482.3611,319.5804348,0.978143361
Camden - Swiss Cottage,00AGGW,E05000144,0.341296928,2.576791809,Boris,Inner,526542.1645,184140.1535,333.2397727,0.78597561
Camden - West Hampstead,00AGGX,E05000145,0.443837487,1.246159099,Boris,Inner,525483.4762,184842.8283,351.3864865,1.093958665
Croydon - Addiscombe,00AHGE,E05000146,1.072421554,1.138620416,Ken,Outer,533605.9355,166379.1612,341.6171642,1.31631746
Croydon - Ashburton,00AHGF,E05000147,0.994215474,0.686912509,Boris,Outer,535218.1972,166810.4564,348.5004739,1.237463977
Croydon - Bensham Manor,00AHGG,E05000148,1.747311828,1.041666667,Ken,Outer,531832.2562,168154.5116,340.1252809,1.542279412
Croydon - Broad Green,00AHGH,E05000149,1.920614597,1.067008109,Ken,Outer,531208.9692,166197.2241,327.9036697,1.633915686
Croydon - Coulsdon East,00AHGJ,E05000150,0.508957655,0.916123779,Boris,Outer,530905.5479,157875.6105,351.8689394,0.855271995
Croydon - Coulsdon West,00AHGK,E05000151,0.292092635,0.625912789,Boris,Outer,529531.7322,159733.6844,385.6573684,0.54519403
Croydon - Croham,00AHGL,E05000152,1.371624518,0.800114302,Boris,Outer,533200.0477,163523.2364,368.9736842,1.228513072
Croydon - Fairfield,00AHGM,E05000153,2.807196631,1.314278423,Boris,Outer,533329.5383,165280.0762,367.1097561,1.286574074
Croydon - Fieldway,00AHGN,E05000154,0.300978179,0.777526963,Ken,Outer,538113.4884,163463.8732,317.1641711,2.467539964
Croydon - Heathfield,00AHGP,E05000155,0.513950073,0.80763583,Boris,Outer,536430.0363,163797.3433,354.355102,1.41689441
Croydon - Kenley,00AHGQ,E05000156,1.598367625,0.782179901,Boris,Outer,532209.1068,159414.6491,354.870073,1.18212816
Croydon - New Addington,00AHGR,E05000157,0.972811175,0.848091793,Ken,Outer,538710.8167,162117.3753,332.4300578,2.366570771
Croydon - Norbury,00AHGS,E05000158,1.486374897,1.304706854,Ken,Outer,530919.0809,169655.9808,356.2098266,1.102989856
Croydon - Purley,00AHGT,E05000159,1.5625,1.141151685,Boris,Outer,531280.6842,161830.9604,374.8866197,0.951185495
Croydon - Sanderstead,00AHGU,E05000160,0.143766687,0.883138221,Boris,Outer,533813.6951,160872.1778,367.718239,0.584650259
Croydon - Selhurst,00AHGW,E05000161,2.170999732,1.715357813,Ken,Outer,532836.8191,167344.9295,337.5022857,1.831444165
Croydon - Selsdon and Ballards,00AHGX,E05000162,0.268396332,0.715723552,Boris,Outer,535144.3691,162269.2675,365.8896552,0.674265976
Croydon - Shirley,00AHGY,E05000163,0.250626566,0.96670247,Boris,Outer,536637.176,165864.7276,335.381768,1.361818182
Croydon - South Norwood,00AHGZ,E05000164,1.048679441,1.333505955,Ken,Outer,533767.2407,169136.1993,352.1101266,1.57110645
Croydon - Thornton Heath,00AHHA,E05000165,0.852229493,1.339217775,Ken,Outer,532566.1594,168873.9961,339.6714286,1.431020573
Croydon - Upper Norwood,00AHHB,E05000166,1.339079575,0.923503155,Ken,Outer,532314.9172,170116.6083,344.8849315,1.502448111
Croydon - Waddon,00AHHC,E05000167,1.252462708,1.308753166,Ken,Outer,531575.613,164132.8831,353.3114286,1.607040867
Croydon - West Thornton,00AHHD,E05000168,2.030124427,1.686313032,Ken,Outer,530967.7222,167578.2601,343.6677273,1.479959184
Croydon - Woodside,00AHHE,E05000169,2.033751623,0.980816385,Ken,Outer,534631.8187,167826.1169,339.7052402,1.461828185
Ealing - Acton Central,00AJGC,E05000170,1.133099266,1.420363868,Boris,Outer,520091.0434,180971.8903,343.0412371,1.036459709
Ealing - Cleveland,00AJGD,E05000171,1.120056003,1.417570879,Boris,Outer,516459.3196,181851.4294,348.5669323,0.71734997
Ealing - Dormers Wells,00AJGE,E05000172,1.11627907,2.093023256,Ken,Outer,513786.2613,180932.3948,330.4760417,0.710787757
Ealing - Ealing Broadway,00AJGF,E05000173,1.794954722,1.423027167,Boris,Outer,517385.5562,181148.2048,359.4211765,0.7496
Ealing - Ealing Common,00AJGG,E05000174,0.90490012,1.348813386,Boris,Outer,518393.5862,180037.4872,338.1802326,0.855044843
Ealing - East Acton,00AJGH,E05000175,6.411889597,1.486199575,Ken,Outer,520777.8163,181730.7998,340.5589928,1.160250136
Ealing - Elthorne,00AJGJ,E05000176,2.448709464,1.406353408,Ken,Outer,515730.0079,179774.8762,348.9142857,0.838520408
Ealing - Greenford Broadway,00AJGK,E05000177,3.358561968,1.277199622,Ken,Outer,513625.9446,182755.0707,328.275,0.885774059
Ealing - Greenford Green,00AJGL,E05000178,0.820985182,1.321585903,Ken,Outer,514618.7391,183895.1487,347.35,0.567540435
Ealing - Hanger Hill,00AJGM,E05000179,1.500815661,1.517128874,Boris,Outer,518514.7937,182191.5258,354.192029,0.773333333
Ealing - Hobbayne,00AJGN,E05000180,0.624172499,1.172687725,Ken,Outer,515221.9698,181355.9699,356.4845304,0.72552343
Ealing - Lady Margaret,00AJGP,E05000181,0.529767911,1.513622603,Ken,Outer,513139.1326,181717.1621,330.4125654,0.782076885
Ealing - Northfield,00AJGQ,E05000182,0.380517504,1.008371385,Boris,Outer,517044.0933,179072.1352,381.1430894,0.334803528
Ealing - North Greenford,00AJGR,E05000183,1.398026316,0.884046053,Ken,Outer,515685.305,184825.5536,344.2835714,0.813019391
Ealing - Northolt Mandeville,00AJGS,E05000184,1.795009873,1.400107701,Ken,Outer,513004.5849,184544.5723,340.5174359,0.880479926
Ealing - Northolt West End,00AJGT,E05000185,1.796513696,1.56527926,Ken,Outer,511474.903,183374.7599,332.3254808,0.96678276
Ealing - Norwood Green,00AJGU,E05000186,3.403643337,1.605944391,Ken,Outer,513863.7873,179405.0576,341.1745856,1.099120538
Ealing - Perivale,00AJGW,E05000187,0.921745673,1.354401806,Ken,Outer,516379.5964,183193.1886,352.6632653,0.769569892
Ealing - South Acton,00AJGX,E05000188,2.129429379,2.096157045,Boris,Outer,519647.0805,180041.082,342.8172249,0.87604712
Ealing - Southall Broadway,00AJGY,E05000189,1.798063624,2.323651452,Ken,Outer,512288.168,180169.596,331.8565789,0.677926766
Ealing - Southall Green,00AJGZ,E05000190,1.494365507,2.082312592,Ken,Outer,511852.5339,179129.8489,338.7047872,1.0143324
Ealing - Southfield,00AJHA,E05000191,0.589324802,1.24600101,Boris,Outer,520762.7692,179336.0165,339.9173913,0.99745509
Ealing - Walpole,00AJHB,E05000192,1.038819027,1.549116093,Boris,Outer,516997.4909,180007.3084,381.5714286,0.464943609
Enfield - Bowes,00AKGL,E05000193,0.762665698,1.25295079,Ken,Outer,531003.049,191970.7605,344.9013158,1.216527037
Enfield - Bush Hill Park,00AKGM,E05000194,0.274524158,0.878477306,Boris,Outer,533077.3827,194682.2601,365.022561,0.950931677
Enfield - Chase,00AKGN,E05000195,1.063829787,1.418439716,Boris,Outer,531307.905,199314.0569,335.2584337,1.335229759
Enfield - Cockfosters,00AKGP,E05000196,0.306807287,1.476510067,Boris,Outer,528062.9034,197406.9502,354.9392857,0.856809339
Enfield - Edmonton Green,00AKGQ,E05000197,2.319176692,1.898825917,Ken,Outer,534845.0129,192889.24,334.5882845,1.999600666
Enfield - Enfield Highway,00AKGR,E05000198,0.90490012,1.38296056,Ken,Outer,536356.7022,197286.8827,326.0902954,1.687625418
Enfield - Enfield Lock,00AKGS,E05000199,1.770750988,1.549407115,Ken,Outer,536776.5169,198996.7764,333.2733333,1.93300618
Enfield - Grange,00AKGT,E05000200,0.209364294,1.19908641,Boris,Outer,532155.2671,195657.3311,365.0427481,0.669816054
Enfield - Haselbury,00AKGU,E05000201,0.481678995,1.892310339,Ken,Outer,533388.2458,193453.1411,331.9722467,2.150196696
Enfield - Highlands,00AKGW,E05000202,0.380365876,1.014309002,Boris,Outer,530866.5302,197100.2672,358.3313559,0.697686567
Enfield - Jubilee,00AKGX,E05000203,0.430550356,1.516286035,Ken,Outer,535689.2975,194687.4273,332.2727273,1.592199546
Enfield - Lower Edmonton,00AKGY,E05000204,1.971738416,1.544528426,Ken,Outer,535430.467,193743.7357,321.4936585,1.734082535
Enfield - Palmers Green,00AKGZ,E05000205,0.604386116,2.037644621,Ken,Outer,531671.7275,192853.8007,349.5816456,1.076532399
Enfield - Ponders End,00AKHA,E05000206,1.919014085,1.602112676,Ken,Outer,536178.0802,195797.6653,337.5648241,1.581589958
Enfield - Southbury,00AKHB,E05000207,0.470929179,1.086759645,Ken,Outer,534235.122,196689.8609,334.8302703,1.474308118
Enfield - Southgate,00AKHC,E05000208,1.489253681,1.167710272,Boris,Outer,529995.3198,194715.7687,369.2124088,0.652040176
Enfield - Southgate Green,00AKHD,E05000209,0.174621653,1.105937136,Boris,Outer,529800.8243,192772.9467,346.9460938,0.988789546
Enfield - Town,00AKHE,E05000210,0.794833582,1.17569134,Boris,Outer,533025.786,197340.3199,347.324183,0.655174353
Enfield - Turkey Street,00AKHF,E05000211,1.257507508,1.238738739,Ken,Outer,535227.7888,199039.1923,321.13125,1.862456747
Enfield - Upper Edmonton,00AKHG,E05000212,0.450016072,1.864352298,Ken,Outer,534049.5972,192029.0292,335.477381,1.654080062
Enfield - Winchmore Hill,00AKHH,E05000213,0.299121331,1.252570574,Boris,Outer,531270.6485,194066.5614,380.1277311,0.570420301
Greenwich - Abbey Wood,00ALGP,E05000214,0.55331992,0.955734406,Ken,Outer,546843.2734,178708.1608,313.6545455,1.78836827
Greenwich - Blackheath Westcombe,00ALGQ,E05000215,1.234567901,1.004115226,Boris,Outer,540155.2667,177009.3217,370.2190476,1.607715134
Greenwich - Charlton,00ALGR,E05000216,0.365917407,0.923505837,Ken,Outer,541436.6186,177865.1856,330.5175573,1.7168125
Greenwich - Coldharbour and New Eltham,00ALGS,E05000217,0.347826087,0.869565217,Boris,Outer,543265.2487,172526.0076,346.738125,1.261901682
Greenwich - Eltham North,00ALGT,E05000218,0.233508465,1.22591944,Boris,Outer,543290.1691,175324.1261,366.0317829,0.913783404
Greenwich - Eltham South,00ALGU,E05000219,1.499901322,1.203868167,Boris,Outer,543872.5924,174008.323,351.7663265,1.54
Greenwich - Eltham West,00ALGW,E05000220,1.231656184,1.100628931,Ken,Outer,541592.1149,175297.6876,310.8640523,1.877223975
Greenwich - Glyndon,00ALGX,E05000221,2.239359336,1.305057096,Ken,Outer,544599.2711,178557.3281,319.9277778,1.808064516
Greenwich - Greenwich West,00ALGY,E05000222,2.242595205,1.241184767,Ken,Outer,538424.3743,177252.3411,326.55625,1.753577513
Greenwich - Kidbrooke with Hornfair,00ALGZ,E05000223,0.841779763,1.065109088,Ken,Outer,541727.4744,176647.4223,321.7563636,1.781947743
Greenwich - Middle Park and Sutcliffe,00ALHA,E05000224,0.450937951,0.955988456,Boris,Outer,541020.5584,174456.1533,330.462406,1.971235403
Greenwich - Peninsula,00ALHB,E05000225,1.417297471,1.127395716,Ken,Outer,539753.0984,178872.3605,326.4314286,1.789532872
Greenwich - Plumstead,00ALHC,E05000226,0.833049983,1.139068344,Ken,Outer,545827.0695,178164.3792,328.2,1.703123663
Greenwich - Shooters Hill,00ALHD,E05000227,0.751597144,0.977076287,Ken,Outer,544224.1763,176759.7264,358.2228571,1.276884422
Greenwich - Thamesmead Moorings,00ALHE,E05000228,3.262900676,0.718700589,Ken,Outer,545947.8063,180180.2012,336.5589109,1.58740458
Greenwich - Woolwich Common,00ALHF,E05000229,2.249134948,1.069518717,Ken,Outer,543220.1806,177783.9288,321.5480198,1.72322729
Greenwich - Woolwich Riverside,00ALHG,E05000230,4.506385069,1.227897839,Ken,Outer,542593.7439,178930.3063,311.641358,2.275459847
Hackney - Brownswood,00AMGA,E05000231,2.212208111,1.290454732,Ken,Inner,532112.461,186974.836,328.3723404,1.231339978
Hackney - Cazenove,00AMGB,E05000232,1.97978096,1.368997473,Ken,Inner,534085.8333,187008.5333,326.5193182,1.028947368
Hackney - Chatham,00AMGC,E05000233,2.997858672,1.19557459,Ken,Inner,535439.1296,185077.8861,323.3723577,1.055071633
Hackney - Clissold,00AMGD,E05000234,2.211016292,0.950349108,Ken,Inner,532937.9229,185933.2203,345.9009901,0.77449923
Hackney - Dalston,00AMGE,E05000235,2.331364625,1.585327945,Ken,Inner,533834.7646,185049.5978,339.8983193,1.177710027
Hackney - De Beauvoir,00AMGF,E05000236,5.156172533,1.239464551,Ken,Inner,533177.1493,184046.634,333.2168675,1.300588235
Hackney - Hackney Central,00AMGG,E05000237,1.47702407,1.112326769,Ken,Inner,534583.191,185033.9363,340.7444444,1.13516129
Hackney - Hackney Downs,00AMGH,E05000238,2.243884495,0.974802281,Ken,Inner,534436.6299,186088.6511,332.4256198,1.433153275
Hackney - Haggerston,00AMGJ,E05000239,1.934143223,1.598465473,Ken,Inner,533591.4628,183025.4501,330.3401786,1.024189902
Hackney - Hoxton,00AMGK,E05000240,3.14576872,1.270122582,Ken,Inner,532721.9911,183092.8656,308.107619,1.409252669
Hackney - King's Park,00AMGL,E05000241,0.473709143,1.468498342,Ken,Inner,536442.5816,185933.4453,332.6738806,1.096106195
Hackney - Leabridge,00AMGM,E05000242,2.064469395,0.959797175,Ken,Inner,535224.4334,186281.8349,319.8576923,1.1570625
Hackney - Lordship,00AMGN,E05000243,1.610796691,1.044841097,Ken,Inner,532995.1143,186881.0995,331.9628788,1.04977221
Hackney - New River,00AMGP,E05000244,2.11407179,1.233208544,Ken,Inner,533091.0517,187731.0911,324.2222222,1.242827443
Hackney - Queensbridge,00AMGQ,E05000245,2.808798646,1.065989848,Ken,Inner,534303.0109,184082.1019,320.0253731,1.307474048
Hackney - Springfield,00AMGR,E05000246,2.141376928,1.450610177,Ken,Inner,534489.1071,187533.2018,347.3930233,1.086649215
Hackney - Stoke Newington Central,00AMGS,E05000247,0.774900775,0.982800983,Ken,Inner,533596.935,186058.9005,332.8793103,1.064881475
Hackney - Victoria,00AMGT,E05000248,1.861042184,1.347040057,Ken,Inner,535389.8503,184042.9418,324.8773913,1.129579208
Hackney - Wick,00AMGU,E05000249,3.790087464,1.332778009,Ken,Inner,536639.7867,184898.7543,326.7526316,1.277261462
Hammersmith and Fulham - Addison,00ANGA,E05000250,0.447147201,1.00160973,Boris,Inner,523686.7592,179435.1576,362.0505882,1.218327402
Hammersmith and Fulham - Askew,00ANGB,E05000251,2.887391723,1.138915624,Ken,Inner,522105.4719,179738.1906,351.0863309,1.273684211
Hammersmith and Fulham - Avonmore and Brook Green,00ANGC,E05000252,0.629480678,1.74855744,Boris,Inner,524112.1636,178779.5921,357.3685393,1.185185185
Hammersmith and Fulham - College Park and Old Oak,00ANGD,E05000253,4.32770822,1.1703865,Ken,Inner,522364.293,181818.2464,341.0833333,1.768592352
Hammersmith and Fulham - Fulham Broadway,00ANGE,E05000254,1.205787781,1.507234727,Boris,Inner,525080.1894,177553.2958,350.9935185,1.286599424
Hammersmith and Fulham - Fulham Reach,00ANGF,E05000255,0.789313904,1.477433718,Boris,Inner,523803.8399,177827.138,372.2855422,1.3815625
Hammersmith and Fulham - Hammersmith Broadway,00ANGG,E05000256,0.843234956,1.628976619,Boris,Inner,523152.617,178720.2721,346.779562,1.352992383
Hammersmith and Fulham - Munster,00ANGH,E05000257,0.661157025,1.239669421,Boris,Inner,524285.1793,176997.6647,356.8026316,1.372311213
Hammersmith and Fulham - North End,00ANGJ,E05000258,0.901225667,1.964671954,Boris,Inner,524658.4726,178075.844,361.2660194,1.553877551
Hammersmith and Fulham - Palace Riverside,00ANGK,E05000259,1.110425663,2.776064158,Boris,Inner,524204.5031,176360.4086,356.4509091,0.81013986
Hammersmith and Fulham - Parsons Green and Walham,00ANGL,E05000260,0.60137457,1.567869416,Boris,Inner,525476.6509,176742.6421,340.7619048,1.630571429
Hammersmith and Fulham - Ravenscourt Park,00ANGM,E05000261,1.784602615,1.286573978,Boris,Inner,522222.5217,178931.3507,351.5745763,1.386551265
Hammersmith and Fulham - Sands End,00ANGN,E05000262,3.803768219,2.008531817,Boris,Inner,525878.9938,176218.7939,353.9022901,1.751976285
Hammersmith and Fulham - Shepherd's Bush Green,00ANGP,E05000263,1.909221902,1.404899135,Ken,Inner,523225.6779,180129.874,351,1.152598091
Hammersmith and Fulham - Town,00ANGQ,E05000264,1.926586899,1.439870209,Boris,Inner,524834.5978,176711.1677,360.9047059,1.408
Hammersmith and Fulham - Wormholt and White City,00ANGR,E05000265,1.333864225,1.771849492,Ken,Inner,522323.2095,180587.8346,347.18625,1.51698318
Haringey - Alexandra,00APGA,E05000266,0.412863972,0.608431117,Ken,Inner,529412.0881,190517.6938,375.679798,1.073529412
Haringey - Bounds Green,00APGB,E05000267,2.2084196,1.345755694,Ken,Inner,530124.1714,191267.0205,343.9220339,1.751975052
Haringey - Bruce Grove,00APGC,E05000268,1.701115786,2.04865557,Ken,Inner,533375.0112,190024.4334,316.5309353,2.011564626
Haringey - Crouch End,00APGD,E05000269,1.066391469,0.877192982,Ken,Inner,529741.9304,188238.8094,367.8897959,0.978310214
Haringey - Fortis Green,00APGE,E05000270,1.03253458,0.954607442,Boris,Inner,527973.3699,189787.0109,367.5152542,1.08959842
Haringey - Harringay,00APGF,E05000271,0.785962347,1.590202888,Ken,Inner,531516.1529,188372.6081,333.6414286,1.380154143
Haringey - Highgate,00APGG,E05000272,0.323501427,1.769743102,Boris,Inner,528110.0703,188048.2114,321.3,1.354756871
Haringey - Hornsey,00APGH,E05000273,1.815617839,1.022386744,Ken,Inner,530428.8293,189193.9839,350.1642857,1.357848837
Haringey - Muswell Hill,00APGJ,E05000274,0.467497774,1.135351736,Boris,Inner,529147.1574,189144.9247,382.2810811,0.932510288
Haringey - Noel Park,00APGK,E05000275,2.726616107,1.661249549,Ken,Inner,531258.2234,190088.145,331.8547826,2.071730245
Haringey - Northumberland Park,00APGL,E05000276,3.325035562,1.991465149,Ken,Inner,534459.9216,191267.0697,314.9762162,1.636585366
Haringey - St. Ann's,00APGM,E05000277,1.617052554,1.488423374,Ken,Inner,532407.3057,188759.073,336.7991803,1.785111989
Haringey - Seven Sisters,00APGN,E05000278,2.574257426,1.350135014,Ken,Inner,533223.1016,188286.5474,327.2512987,1.268071594
Haringey - Stroud Green,00APGP,E05000279,0.633762243,1.056270405,Ken,Inner,531024.4039,187933.1157,350.4166667,1.295812562
Haringey - Tottenham Green,00APGQ,E05000280,2.41350211,1.502109705,Ken,Inner,533627.069,189135.5141,314.4036496,1.680419162
Haringey - Tottenham Hale,00APGR,E05000281,1.411589896,1.950222883,Ken,Inner,534507.5189,190096.135,317.6566265,1.736646816
Haringey - West Green,00APGS,E05000282,0.672818147,1.903114187,Ken,Inner,532353.1101,189883.6627,309.8406015,1.543347639
Haringey - White Hart Lane,00APGT,E05000283,1.410788382,1.763485477,Ken,Inner,532746.3006,191159.7271,326.876,1.963353242
Haringey - Woodside,00APGU,E05000284,1.260126013,1.476147615,Ken,Inner,531369.6625,190975.5154,339.2072727,1.533507171
Harrow - Belmont,00AQFY,E05000285,0.327689787,1.09229929,Boris,Outer,517134.1206,190865.2997,371.2477273,0.318370073
Harrow - Canons,00AQFZ,E05000286,1.09935698,1.846090023,Boris,Outer,517380.5671,192938.6024,358.0178218,0.725118934
Harrow - Edgware,00AQGA,E05000287,0.457604307,1.561238223,Ken,Outer,519247.2193,190770.4152,344.575188,0.740685225
Harrow - Greenhill,00AQGB,E05000288,1.728990752,1.548049859,Ken,Outer,515660.2959,188344.8004,368.2337838,0.692486188
Harrow - Harrow on the Hill,00AQGC,E05000289,1.326375299,3.45727332,Boris,Outer,515157.0397,186799.0625,363.4521739,0.605970149
Harrow - Harrow Weald,00AQGD,E05000290,0.913461538,1.033653846,Boris,Outer,514549.6923,191918.2279,334.0244444,0.907488987
Harrow - Hatch End,00AQGE,E05000291,0.400801603,1.553106212,Boris,Outer,512872.0917,191403.0263,351.5307692,0.6121881
Harrow - Headstone North,00AQGF,E05000292,1.148459384,1.036414566,Boris,Outer,513416.1048,189652.6028,379.8928571,0.285258216
Harrow - Headstone South,00AQGG,E05000293,1.441351889,0.994035785,Ken,Outer,514327.3079,188835.4715,371.8321101,0.501896125
Harrow - Kenton East,00AQGH,E05000294,0.863806507,1.842787216,Ken,Outer,518204.5789,189325.3802,361.325,0.33340564
Harrow - Kenton West,00AQGJ,E05000295,1.470588235,1.029411765,Boris,Outer,516742.4596,189327.2702,374.7228346,0.438522637
Harrow - Marlborough,00AQGK,E05000296,2.251624884,0.882079851,Ken,Outer,515470.9189,189537.8312,353.3696,0.703044655
Harrow - Pinner,00AQGL,E05000297,0.534369687,1.311634685,Boris,Outer,511638.6728,190591.9346,363.3975904,0.517040359
Harrow - Pinner South,00AQGM,E05000298,0.203665988,0.99287169,Boris,Outer,511979.8747,188671.207,366.8119048,0.385552654
Harrow - Queensbury,00AQGN,E05000299,0.110041265,1.650618982,Ken,Outer,518099.1314,190195.7924,362.3474453,0.412540401
Harrow - Rayners Lane,00AQGP,E05000300,0.327153762,0.845147219,Boris,Outer,512652.1085,187348.9523,370.6292035,0.328856749
Harrow - Roxbourne,00AQGQ,E05000301,1.57358156,1.307624113,Ken,Outer,513233.1415,186503.0911,344.5193182,0.548248248
Harrow - Roxeth,00AQGR,E05000302,0.527565286,1.292534951,Ken,Outer,513471.6944,185795.3314,352.0440559,0.511117974
Harrow - Stanmore Park,00AQGS,E05000303,0.62011943,1.722553973,Boris,Outer,516077.455,192360.8245,338.608046,0.829042553
Harrow - Wealdstone,00AQGT,E05000304,1.468315301,1.133436373,Ken,Outer,515268.1885,190309.4001,336.0315789,0.854939759
Harrow - West Harrow,00AQGU,E05000305,1.113222916,1.248981808,Ken,Outer,513922.9355,187821.7646,340.75,0.470671085
Havering - Brooklands,00ARGC,E05000306,1.033125615,0.901935061,Boris,Outer,550138.7641,188221.8126,334.7505263,1.062830482
Havering - Cranham,00ARGD,E05000307,0.193124759,0.79181151,Boris,Outer,557048.2507,188096.8889,368.3062112,0.451956382
Havering - Elm Park,00ARGE,E05000308,0.448605422,0.780183343,Boris,Outer,552460.8429,184863.9589,331.7774194,0.978888889
Havering - Emerson Park,00ARGF,E05000309,0.174634359,0.676708142,Boris,Outer,554748.8389,188606.8049,363.2655405,0.613692308
Havering - Gooshays,00ARGG,E05000310,0.703399766,1.155585329,Boris,Outer,554574.7734,193036.4566,308.0825243,1.64431513
Havering - Hacton,00ARGH,E05000311,0.100725222,0.705076551,Boris,Outer,553948.6302,185846.6315,354.3296296,0.536090727
Havering - Harold Wood,00ARGJ,E05000312,0.218539428,0.764887999,Boris,Outer,555721.2307,190548.9166,344.7586957,0.59775123
Havering - Havering Park,00ARGK,E05000313,0.606534925,1.154372921,Boris,Outer,550646.0885,192702.1822,325.0135802,1.171618037
Havering - Heaton,00ARGL,E05000314,0.660501982,0.886959804,Boris,Outer,553062.9798,191854.7977,319.815,1.452637424
Havering - Hylands,00ARGM,E05000315,0.260521042,0.581162325,Boris,Outer,552472.1935,187249.9553,347.2536585,0.622470588
Havering - Mawneys,00ARGN,E05000316,0.511557408,0.85259568,Boris,Outer,549729.8896,190277.989,334.1979592,0.939876923
Havering - Pettits,00ARGP,E05000317,0.137335688,0.568962135,Boris,Outer,551562.1024,190454.5184,350.9813665,0.731674208
Havering - Rainham and Wennington,00ARGQ,E05000318,0.520520521,0.580580581,Boris,Outer,553425.3061,181503.0198,326.6552326,0.750378788
Havering - Romford Town,00ARGR,E05000319,2.198107958,0.820812465,Boris,Outer,551754.6941,188756.7998,345.0832061,0.817107811
Havering - St. Andrew's,00ARGS,E05000320,0.420978776,0.98228381,Boris,Outer,553814.8478,186874.7435,357.136,0.414527687
Havering - South Hornchurch,00ARGT,E05000321,0.570062523,0.698786318,Boris,Outer,551404.018,182921.5083,330.9703488,0.960827375
Havering - Squirrel's Heath,00ARGU,E05000322,1.0537596,0.750133952,Boris,Outer,553385.0138,189407.639,350.1326087,0.58002736
Havering - Upminster,00ARGW,E05000323,0.235617514,0.647948164,Boris,Outer,557693.5105,185373.8887,363.2572254,0.49413942
Hillingdon - Barnhill,00ASGG,E05000324,1.674808095,1.232844848,Ken,Outer,510598.2824,181899.2624,342.7098361,1.158460029
Hillingdon - Botwell,00ASGH,E05000325,2.885391445,1.210653753,Ken,Outer,508825.2106,180434.5032,330.6591133,1.317255622
Hillingdon - Brunel,00ASGJ,E05000326,0.79751883,0.930438635,Boris,Outer,506638.6508,182145.7386,325.403937,1.168537666
Hillingdon - Cavendish,00ASGK,E05000327,0.360279216,0.743075884,Boris,Outer,511225.4894,186935.0583,371.4957055,0.41644941
Hillingdon - Charville,00ASGL,E05000328,2.235023041,1.036866359,Boris,Outer,509220.9607,182659.4333,345.253886,0.765342394
Hillingdon - Eastcote and East Ruislip,00ASGM,E05000329,0.274551214,0.591341077,Boris,Outer,510103.1857,188340.8032,357.9383333,0.340472441
Hillingdon - Harefield,00ASGN,E05000330,0.39893617,1.097074468,Boris,Outer,505639.7363,189943.4856,339.2972222,0.947729919
Hillingdon - Heathrow Villages,00ASGP,E05000331,0.629213483,1.393258427,Boris,Outer,507133.6381,176496.4565,330.0699029,1.48148688
Hillingdon - Hillingdon East,00ASGQ,E05000332,1.121865376,0.813902332,Boris,Outer,508426.6984,183780.5783,354.9466258,0.793846977
Hillingdon - Ickenham,00ASGR,E05000333,0.254129606,0.635324015,Boris,Outer,506816.8657,186221.1597,381.0364486,0.298321343
Hillingdon - Manor,00ASGS,E05000334,0.865704772,0.843507214,Boris,Outer,510027.2747,186720.6405,354.7831858,0.246315789
Hillingdon - Northwood,00ASGT,E05000335,0.589777195,1.332459589,Boris,Outer,508360.2394,190815.1694,388.5059524,0.657187994
Hillingdon - Northwood Hills,00ASGU,E05000336,0.299273194,1.047456178,Boris,Outer,510254.2465,190080.7341,364.3067227,0.729668553
Hillingdon - Pinkwell,00ASGW,E05000337,1.097482247,0.83925113,Ken,Outer,508835.7595,178907.3637,331.9664948,1.381252645
Hillingdon - South Ruislip,00ASGX,E05000338,0.838168923,0.687728347,Boris,Outer,510421.5209,185230.0535,351.8422222,0.728893307
Hillingdon - Townfield,00ASGY,E05000339,1.889222842,1.309574925,Ken,Outer,510454.427,180377.1174,336.4294444,1.32685743
Hillingdon - Uxbridge North,00ASGZ,E05000340,0.567584612,1.177212529,Boris,Outer,506564.7194,184236.298,370.8252174,0.690517241
Hillingdon - Uxbridge South,00ASHA,E05000341,1.854115729,1.059494703,Boris,Outer,505212.7029,182880.6399,352.9069307,0.883545455
Hillingdon - West Drayton,00ASHB,E05000342,2.877297197,0.965286802,Boris,Outer,506267.3636,179299.374,318.3246835,1.312779712
Hillingdon - West Ruislip,00ASHC,E05000343,0.895783264,0.983176753,Boris,Outer,508328.2023,188068.4847,361.8045045,0.681212121
Hillingdon - Yeading,00ASHD,E05000344,2.160427807,1.860962567,Ken,Outer,511853.9786,181706.6322,329.7177515,1.104698318
Hillingdon - Yiewsley,00ASHE,E05000345,2.597141131,0.80531508,Boris,Outer,506525.6711,180784.8734,318.766242,1.233369863
Hounslow - Bedfont,00ATFY,E05000346,7.388351513,1.111339782,Boris,Outer,508500.1725,173532.1782,332.0157143,1.47775076
Hounslow - Brentford,00ATFZ,E05000347,4.618743702,1.158884783,Ken,Outer,517993.3946,178456.7905,354.3,1.113453537
Hounslow - Chiswick Homefields,00ATGA,E05000348,0.391187976,1.379452337,Boris,Outer,521302.1774,177620.8618,362.142623,0.686706056
Hounslow - Chiswick Riverside,00ATGB,E05000349,0.21539064,1.194439005,Boris,Outer,520224.9034,177481.9444,376.3283019,0.778165375
Hounslow - Cranford,00ATGC,E05000350,0.687022901,1.730279898,Ken,Outer,510883.5805,176156.9227,352.6137255,1.343620899
Hounslow - Feltham North,00ATGD,E05000351,1.090047393,1.44549763,Boris,Outer,510511.4952,174387.8702,338.0372093,1.453276353
Hounslow - Feltham West,00ATGE,E05000352,5.539308447,0.808532599,Boris,Outer,509351.1285,172312.6146,331.172449,1.618281037
Hounslow - Hanworth,00ATGF,E05000353,1.290045152,1.333046657,Boris,Outer,511912.1589,171613.028,333.1204819,1.680505217
Hounslow - Hanworth Park,00ATGG,E05000354,2.20735786,1.248606466,Boris,Outer,511139.8868,172476.0566,335.0722222,1.443104693
Hounslow - Heston Central,00ATGH,E05000355,1.514373717,1.180698152,Ken,Outer,512542.5072,176790.1193,366.725,1.34001207
Hounslow - Heston East,00ATGJ,E05000356,0.799200799,1.198801199,Ken,Outer,513251.1737,177378.3574,350.9461538,1.277261146
Hounslow - Heston West,00ATGK,E05000357,0.796812749,1.792828685,Ken,Outer,511372.5414,177785.1248,352.3453901,1.571726027
Hounslow - Hounslow Central,00ATGL,E05000358,5.052005944,1.058692422,Ken,Outer,514237.1606,175955.8599,346.0938596,1.272436751
Hounslow - Hounslow Heath,00ATGM,E05000359,2.156663276,1.261444557,Ken,Outer,512559.416,174580.516,349.3918239,1.654245754
Hounslow - Hounslow South,00ATGN,E05000360,1.064908722,0.786004057,Boris,Outer,514715.8742,175076.7015,365.5007519,1.009898844
Hounslow - Hounslow West,00ATGP,E05000361,2.560202788,1.394169835,Ken,Outer,512404.7945,175618.8542,352.432381,1.139306785
Hounslow - Isleworth,00ATGQ,E05000362,1.20580421,1.737175557,Ken,Outer,515969.0752,175295.2913,342.2167939,1.365583967
Hounslow - Osterley and Spring Grove,00ATGR,E05000363,1.855713094,1.1676397,Boris,Outer,515061.1829,177717.1047,380.3989362,0.992605331
Hounslow - Syon,00ATGS,E05000364,3.730569948,1.174438687,Boris,Outer,516927.2053,176898.313,357.6991228,1.235343035
Hounslow - Turnham Green,00ATGT,E05000365,0.349072203,1.506522139,Boris,Outer,520164.5934,178522.2279,354.4762712,0.687768595
Islington - Barnsbury,00AUFX,E05000366,1.245712222,1.245712222,Ken,Inner,531102.1238,183736.533,315.8786765,1.643634259
Islington - Bunhill,00AUFY,E05000367,0.790808714,1.447329155,Ken,Inner,532279.9698,182387.6706,317.2029851,1.312962963
Islington - Caledonian,00AUFZ,E05000368,1.797973194,1.14416476,Ken,Inner,530547.9613,184069.9468,319.0575,1.318032787
Islington - Canonbury,00AUGA,E05000369,1.612620508,1.332164768,Ken,Inner,532462.004,184448.555,295.5188679,1.807602862
Islington - Clerkenwell,00AUGB,E05000370,0.64333018,1.551561022,Ken,Inner,531340.99,182540.4088,333.9396825,1.420958904
Islington - Finsbury Park,00AUGC,E05000371,0.639897616,1.455767077,Ken,Inner,530856.5027,186453.3122,343.5127273,1.222145329
Islington - Highbury East,00AUGD,E05000372,0.515267176,1.145038168,Ken,Inner,531936.9736,185513.956,343.6196429,1.335790725
Islington - Highbury West,00AUGE,E05000373,2.853046595,1.0609319,Ken,Inner,531424.4181,185926.6696,328.4735849,0.858930041
Islington - Hillrise,00AUGF,E05000374,0.670743736,1.085026632,Ken,Inner,529818.3157,187414.2157,338.3275229,1.533895582
Islington - Holloway,00AUGG,E05000375,3.329316059,1.626996083,Ken,Inner,530491.5171,185216.6683,315.4358209,1.431913408
Islington - Junction,00AUGH,E05000376,1.487515495,1.168762175,Ken,Inner,529366.6069,186559.0463,320.7705882,1.481135903
Islington - Mildmay,00AUGJ,E05000377,1.132075472,1.14922813,Ken,Inner,532747.4977,185138.9753,333.5621891,1.362127317
Islington - St. George's,00AUGK,E05000378,0.977499078,1.309479897,Ken,Inner,529870.7789,185764.328,339.7417582,1.48516791
Islington - St. Mary's,00AUGL,E05000379,0.398334239,1.357957632,Ken,Inner,531556.0381,184295.0487,311.5678571,1.658666667
Islington - St. Peter's,00AUGM,E05000380,0.737940965,1.727861771,Ken,Inner,532067.4105,183543.8359,325.7403509,1.682162162
Islington - Tollington,00AUGN,E05000381,1.023778071,1.139365918,Ken,Inner,530415.339,187028.2271,346.3096154,1.131583134
Kensington and Chelsea - Abingdon,00AWFY,E05000382,0.918196995,2.96327212,Boris,Inner,525222.7433,179037.0764,376.3292683,1.014714715
Kensington and Chelsea - Brompton,00AWFZ,E05000383,0.361471401,5.698490325,Boris,Inner,527133.7197,179017.6946,394.5,1.021290323
Kensington and Chelsea - Campden,00AWGA,E05000384,0.356960734,5.175930648,Boris,Inner,525461.4385,180068.1068,373.2823529,0.480927835
Kensington and Chelsea - Colville,00AWGB,E05000385,0.961318379,0.823987182,Boris,Inner,524660.5439,181236.8434,370.2752294,1.549823322
Kensington and Chelsea - Courtfield,00AWGC,E05000386,0.262524612,3.653467513,Boris,Inner,526221.8266,178584.6093,327.6,0.382
Kensington and Chelsea - Cremorne,00AWGD,E05000387,0.673316708,2.369077307,Boris,Inner,526689.63,177458.0198,360.6261905,1.117557252
Kensington and Chelsea - Earl's Court,00AWGE,E05000388,0.932306445,1.86461289,Boris,Inner,525370.7421,178464.0576,363.8217391,0.905912596
Kensington and Chelsea - Golborne,00AWGF,E05000389,1.730019493,1.047758285,Ken,Inner,524011.299,182141.1849,332.6517241,1.330958904
Kensington and Chelsea - Hans Town,00AWGG,E05000390,0.364963504,5.251419303,Boris,Inner,527672.9965,178788.7207,353.595,1.265929204
Kensington and Chelsea - Holland,00AWGH,E05000391,0.873851669,3.450593771,Boris,Inner,524594.6639,179629.3031,390.0769231,1.545669291
Kensington and Chelsea - Norland,00AWGJ,E05000392,0.994662785,1.98932557,Boris,Inner,524223.1772,180498.1433,364.1470588,1.087410926
Kensington and Chelsea - Notting Barns,00AWGK,E05000393,1.903155866,1.63815948,Ken,Inner,523784.9756,181164.0856,375.8459459,1.004
Kensington and Chelsea - Pembridge,00AWGL,E05000394,1.115053218,2.559553979,Boris,Inner,525058.8702,180707.7313,375.5,0.755681818
Kensington and Chelsea - Queen's Gate,00AWGM,E05000395,0.512505125,5.309553096,Boris,Inner,526038.9464,179311.2253,244.96,0.760583942
Kensington and Chelsea - Redcliffe,00AWGN,E05000396,0.614927905,2.565733673,Boris,Inner,525949.5798,177993.9305,379.0052632,0.714622642
Kensington and Chelsea - Royal Hospital,00AWGP,E05000397,0.458221024,4.797843666,Boris,Inner,527830.3166,178091.4523,343.1368421,0.955263158
Kensington and Chelsea - St. Charles,00AWGQ,E05000398,2.970532319,1.592205323,Boris,Inner,523624.6772,181835.6206,346.3495327,1.740751731
Kensington and Chelsea - Stanley,00AWGR,E05000399,0.24968789,2.871410737,Boris,Inner,526707.3797,177929.3845,348.875,0.925280899
Kingston upon Thames - Alexandra,00AXFX,E05000400,0.948710347,0.652238363,Boris,Outer,520113.7171,166392.7232,369.4972973,0.332312651
Kingston upon Thames - Berrylands,00AXFY,E05000401,0.278745645,0.81300813,Boris,Outer,519114.0501,167344.3868,356.9481481,0.511515152
Kingston upon Thames - Beverley,00AXFZ,E05000402,1.29969419,1.427115189,Boris,Outer,521205.2546,168519.5599,363.6008929,0.722712418
Kingston upon Thames - Canbury,00AXGA,E05000403,0.926656151,1.143533123,Boris,Outer,518685.3306,170028.5337,363.0313953,0.530974125
Kingston upon Thames - Chessington North and Hook,00AXGB,E05000404,0.592768228,1.185536455,Boris,Outer,518062.5842,164593.5205,341.6172414,0.771687243
Kingston upon Thames - Chessington South,00AXGC,E05000405,0.743494424,0.520446097,Boris,Outer,517651.014,162338.1301,342.5292453,0.650631912
Kingston upon Thames - Coombe Hill,00AXGD,E05000406,0.244167119,1.627780792,Boris,Outer,520752.0801,170624.3986,358.3847458,0.931818182
Kingston upon Thames - Coombe Vale,00AXGE,E05000407,0.555555556,0.805555556,Boris,Outer,520599.7979,169225.913,384.3270833,0.508150745
Kingston upon Thames - Grove,00AXGF,E05000408,0.8200082,1.02501025,Boris,Outer,518347.7668,168665.5192,341.2964706,0.821521036
Kingston upon Thames - Norbiton,00AXGG,E05000409,1.012345679,1.185185185,Ken,Outer,519339.7947,169012.1815,338.1518868,1.263581315
Kingston upon Thames - Old Malden,00AXGH,E05000410,0.337268128,0.871275998,Boris,Outer,521498.5645,166553.2736,365.1767857,0.76168991
Kingston upon Thames - St. James,00AXGJ,E05000411,0.332527207,1.027811366,Boris,Outer,521396.3444,167467.2849,364.0926606,0.615217391
Kingston upon Thames - St. Mark's,00AXGK,E05000412,0.498866213,1.111111111,Boris,Outer,518250.1139,167702.2806,386.1820896,0.339952719
Kingston upon Thames - Surbiton Hill,00AXGL,E05000413,0.54312405,0.738648707,Boris,Outer,518304.0028,166455.0501,341.7127273,0.451271754
Kingston upon Thames - Tolworth and Hook Rise,00AXGM,E05000414,0.884244373,0.643086817,Boris,Outer,519125.3944,165297.942,354.2330435,0.626604069
Kingston upon Thames - Tudor,00AXGN,E05000415,0.777271509,1.018493701,Boris,Outer,518195.2516,170918.051,390.5189189,0.580116959
Lambeth - Bishop's,00AYFZ,E05000416,1.400437637,1.903719912,Ken,Inner,531010.9379,179680.6402,338.8236111,1.275699558
Lambeth - Brixton Hill,00AYGA,E05000417,2.165586329,0.869180907,Ken,Inner,530452.2812,174319.8079,323.9803279,1.504426705
Lambeth - Clapham Common,00AYGB,E05000418,0.5355494,0.775623269,Boris,Inner,529349.1149,174673.7853,350.9972222,1.514015748
Lambeth - Clapham Town,00AYGC,E05000419,1.520051746,1.293661061,Boris,Inner,529183.218,175666.9278,345.5717742,1.18654504
Lambeth - Coldharbour,00AYGD,E05000420,1.795735129,1.473063973,Ken,Inner,531494.671,175560.2174,340.5593909,1.380188679
Lambeth - Ferndale,00AYGE,E05000421,0.958466454,0.836756428,Ken,Inner,530574.0029,175541.5379,327.5059783,1.354063927
Lambeth - Gipsy Hill,00AYGF,E05000422,1.141514185,0.973644452,Ken,Inner,532747.4717,171553.6632,340.4347032,1.437483703
Lambeth - Herne Hill,00AYGG,E05000423,0.921942225,1.090964966,Ken,Inner,532006.5922,175036.7138,335.8048193,1.517414051
Lambeth - Knight's Hill,00AYGH,E05000424,0.841445306,0.923939944,Ken,Inner,531636.1649,171731.0155,354.4066176,1.506834112
Lambeth - Larkhall,00AYGJ,E05000425,2.331099944,0.935231714,Ken,Inner,530065.3283,176089.3784,341.8044444,1.451799878
Lambeth - Oval,00AYGK,E05000426,2.998714836,1.242324718,Ken,Inner,530784.4623,177627.2515,337.51,0.951996602
Lambeth - Prince's,00AYGL,E05000427,3.999405293,1.219149569,Ken,Inner,531029.439,178489.4238,330.5589286,1.074653313
Lambeth - St. Leonard's,00AYGM,E05000428,0.711053652,0.888817065,Ken,Inner,529853.4178,171752.2845,359.7308824,1.321721311
Lambeth - Stockwell,00AYGN,E05000429,1.571495254,1.353664229,Ken,Inner,530360.805,176772.5905,332.7368,1.2144375
Lambeth - Streatham Hill,00AYGP,E05000430,0.852459016,1.049180328,Ken,Inner,530609.8203,172980.2852,352.5582192,1.241289782
Lambeth - Streatham South,00AYGQ,E05000431,1.738317757,0.934579439,Ken,Inner,530105.9308,170365.7026,339.3626866,1.302818706
Lambeth - Streatham Wells,00AYGR,E05000432,1.610588423,1.148142242,Ken,Inner,530658.7445,171781.0225,340.4928571,1.529558824
Lambeth - Thornton,00AYGS,E05000433,0.475059382,0.989707047,Ken,Inner,529579.6215,173646.4822,363.8982558,1.361714286
Lambeth - Thurlow Park,00AYGT,E05000434,1.10864745,0.733412929,Ken,Inner,532103.1876,173068.9454,346.7355705,1.772703863
Lambeth - Tulse Hill,00AYGU,E05000435,1.827242525,0.936273029,Ken,Inner,531062.068,173981.2661,338.2186207,1.573406479
Lambeth - Vassall,00AYGW,E05000436,0.59337399,1.005439262,Ken,Inner,531420.4175,176792.6527,329.492126,1.225429326
Lewisham - Bellingham,00AZGD,E05000437,1.195349599,0.769608646,Ken,Inner,537394.6025,171715.5154,301.164433,1.459611036
Lewisham - Blackheath,00AZGE,E05000438,0.24910478,0.778452437,Ken,Inner,539092.2074,176090.3683,346.005102,1.414247788
Lewisham - Brockley,00AZGF,E05000439,1.600537996,1.07599193,Ken,Inner,536913.0482,176312.6155,314.7859504,1.672986111
Lewisham - Catford South,00AZGG,E05000440,0.647759104,1.067927171,Ken,Inner,538503.741,173031.874,337.5345361,1.146141814
Lewisham - Crofton Park,00AZGH,E05000441,1.468944595,0.878173399,Ken,Inner,536380.0132,174071.2067,335.30625,1.25958445
Lewisham - Downham,00AZGJ,E05000442,0.824946378,1.039432437,Ken,Inner,539259.8121,171382.8451,313.6485294,1.725075269
Lewisham - Evelyn,00AZGK,E05000443,3.515908761,1.162283888,Ken,Inner,536488.8929,178182.0587,312.7609195,1.530407125
Lewisham - Forest Hill,00AZGL,E05000444,0.707039656,1.075929911,Ken,Inner,535063.7103,173072.0067,325.4677165,1.178421388
Lewisham - Grove Park,00AZGM,E05000445,1.067615658,0.889679715,Boris,Inner,540731.8612,172706.6462,325.3389937,1.672081498
Lewisham - Ladywell,00AZGN,E05000446,0.433877126,1.475182228,Ken,Inner,537266.2577,175180.5933,340.9545455,1.324758842
Lewisham - Lee Green,00AZGP,E05000447,0.949367089,0.712025316,Ken,Inner,539556.0627,174520.0449,342.3781609,0.904876325
Lewisham - Lewisham Central,00AZGQ,E05000448,2.823102823,0.984200984,Ken,Inner,538381.2602,174889.6236,330.7666667,1.400746733
Lewisham - New Cross,00AZGR,E05000449,1.459854015,1.079683698,Ken,Inner,536195.0857,177455.1586,308.5972973,1.979681494
Lewisham - Perry Vale,00AZGS,E05000450,1.431340391,0.939317131,Ken,Inner,536029.527,172631.8618,316.1925926,1.542253521
Lewisham - Rushey Green,00AZGT,E05000451,0.399552501,0.974908103,Ken,Inner,537652.41,173743.3606,307.9074627,1.5141257
Lewisham - Sydenham,00AZGU,E05000452,0.544678345,1.015751509,Ken,Inner,535194.692,171618.8161,316.1752,1.576498516
Lewisham - Telegraph Hill,00AZGW,E05000453,1.575492341,1.035740336,Ken,Inner,535929.0826,176092.5059,313.7658537,1.294651285
Lewisham - Whitefoot,00AZGX,E05000454,0.54278994,1.031300887,Ken,Inner,539136.2642,172367.3446,319.1410628,1.74892756
Merton - Abbey,00BAFX,E05000455,0.722416813,0.897548161,Boris,Outer,525891.3352,169894.4122,352.6630952,0.752683616
Merton - Cannon Hill,00BAFY,E05000456,0.289855072,0.811594203,Boris,Outer,524299.1269,168384.1448,376.287156,0.388698955
Merton - Colliers Wood,00BAFZ,E05000457,1.106344547,0.812824565,Ken,Outer,527081.6962,170379.4994,344.7644737,1.27775
Merton - Cricket Green,00BAGA,E05000458,1.574074074,1.296296296,Ken,Outer,527819.4772,168125.3502,329.6731707,1.275851393
Merton - Dundonald,00BAGB,E05000459,0.373412995,0.921085387,Boris,Outer,524356.4938,169797.6923,395.7607143,0.313367174
Merton - Figge's Marsh,00BAGC,E05000460,1.846153846,1.041420118,Ken,Outer,528225.1507,169277.6988,341.7264,1.120089859
Merton - Graveney,00BAGD,E05000461,0.462561434,0.954032958,Ken,Outer,528512.1584,170274.1259,365.4041237,0.78110687
Merton - Hillside,00BAGE,E05000462,0.282286521,1.364384851,Boris,Outer,524326.3782,170564.8008,391.2695652,0.465873016
Merton - Lavender Fields,00BAGF,E05000463,0.96798213,0.943162075,Ken,Outer,527272.0926,169606.3545,341.9936,1.298415214
Merton - Longthornton,00BAGG,E05000464,1.37136588,0.822819528,Ken,Outer,529360.5467,169274.4655,355.8428571,1.048986486
Merton - Lower Morden,00BAGH,E05000465,0.523255814,0.726744186,Boris,Outer,523799.2766,166988.4681,368.6215686,0.706761566
Merton - Merton Park,00BAGJ,E05000466,0.383456587,0.876472199,Boris,Outer,525226.4119,169012.6589,373.2684211,0.319527897
Merton - Pollards Hill,00BAGK,E05000467,0.73389508,0.842620277,Ken,Outer,529462.6967,168210.3495,345.4022857,1.163697479
Merton - Ravensbury,00BAGL,E05000468,0.395361096,0.764364787,Ken,Outer,526572.674,167917.8715,339.4871795,1.576848394
Merton - Raynes Park,00BAGM,E05000469,0.167584391,1.12520948,Boris,Outer,522815.2156,169464.8566,374.2414141,0.404677419
Merton - St. Helier,00BAGN,E05000470,0.980885312,1.031187123,Ken,Outer,525416.7863,167441.9025,340.5836879,1.496473719
Merton - Trinity,00BAGP,E05000471,1.005847953,0.771929825,Boris,Outer,525825.0742,170784.3753,340.466055,0.626235094
Merton - Village,00BAGQ,E05000472,0.115240565,2.535292423,Boris,Outer,523049.5301,171291.742,409.0666667,0.836585366
Merton - West Barnes,00BAGR,E05000473,0.774550484,0.912863071,Boris,Outer,522876.6824,168064.2458,375.402381,0.49955516
Merton - Wimbledon Park,00BAGS,E05000474,2.473745624,0.746791132,Boris,Outer,525411.9912,171930.5553,378.3523256,0.455342137
Newham - Beckton,00BBGB,E05000475,2.450980392,1.112368024,Ken,Inner,543741.949,181699.7836,332.6858696,1.867407407
Newham - Boleyn,00BBGC,E05000476,0.953733766,1.359577922,Ken,Inner,541695.2842,183325.5643,345.4777143,1.459865659
Newham - Canning Town North,00BBGD,E05000477,0.925253991,1.342525399,Ken,Outer,539379.7314,182306.1181,332.0435644,1.865851449
Newham - Canning Town South,00BBGE,E05000478,2.893991821,1.368354829,Ken,Inner,540089.4478,181249.2642,319.2076471,1.716086317
Newham - Custom House,00BBGF,E05000479,2.802967848,1.071723001,Ken,Inner,541322.9047,181202.6811,313.8438272,1.81988189
Newham - East Ham Central,00BBGG,E05000480,0.429000429,1.17975118,Ken,Inner,542414.5746,183527.1732,333.089759,1.677665441
Newham - East Ham North,00BBGH,E05000481,0.438356164,1.479452055,Ken,Inner,542354.1246,184630.7454,348.9528302,1.294337607
Newham - East Ham South,00BBGJ,E05000482,0.702811245,1.064257028,Ken,Inner,542912.7436,182655.0542,331.8740566,1.933259259
Newham - Forest Gate North,00BBGK,E05000483,2.34347674,1.119272473,Ken,Inner,540138.9958,185543.5345,323.6135484,1.427374574
Newham - Forest Gate South,00BBGL,E05000484,2.396665509,1.128864189,Ken,Inner,540170.5446,184908.9156,330.3034483,1.524842767
Newham - Green Street East,00BBGM,E05000485,1.03334899,1.103804603,Ken,Inner,541361.205,184513.0939,327.3834395,1.266135084
Newham - Green Street West,00BBGN,E05000486,0.517241379,1.354679803,Ken,Inner,540773.4992,184299.284,317.8765101,1.039089969
Newham - Little Ilford,00BBGP,E05000487,0.919225504,1.701545081,Ken,Inner,542700.3429,185884.853,339.1963918,0.905834564
Newham - Manor Park,00BBGQ,E05000488,1.482773659,1.046663759,Ken,Inner,541838.353,185436.9946,331.3963855,1.36366184
Newham - Plaistow North,00BBGR,E05000489,2.674214328,1.288307632,Ken,Inner,540425.9367,183378.6213,329.3269461,1.45211205
Newham - Plaistow South,00BBGS,E05000490,1.446587537,0.927299703,Ken,Inner,541095.1985,182530.7221,337.904,1.56746888
Newham - Royal Docks,00BBGT,E05000491,1.395881007,1.075514874,Ken,Inner,542138.7404,180210.2962,328.9315068,1.716544417
Newham - Stratford and New Town,00BBGU,E05000492,4.893008041,1.049475262,Ken,Inner,538375.2101,184242.0004,325.2605263,1.59194499
Newham - Wall End,00BBGW,E05000493,0.721500722,1.13035113,Ken,Inner,543189.9929,183950.8095,328.3294872,1.609298167
Newham - West Ham,00BBGX,E05000494,1.296296296,1.388888889,Ken,Inner,539600.4261,183770.321,321.8318681,1.432032366
Redbridge - Aldborough,00BCFY,E05000495,2.297702298,1.018981019,Ken,Outer,546199.5579,190041.0489,350.234,1.039122045
Redbridge - Barkingside,00BCFZ,E05000496,0.257189619,1.028758476,Boris,Outer,543424.2425,188963.6515,376.4872611,0.895513215
Redbridge - Bridge,00BCGA,E05000497,0.420344683,1.21899958,Boris,Outer,541863.9601,191833.9369,328.114966,0.926482759
Redbridge - Chadwell,00BCGB,E05000498,2.248062016,1.182170543,Ken,Outer,547252.2262,188403.5284,347.6311224,0.795393474
Redbridge - Church End,00BCGC,E05000499,2.5155967,0.986113906,Boris,Outer,540145.6032,190675.5822,364.767033,0.544564241
Redbridge - Clayhall,00BCGD,E05000500,0.219405168,1.194539249,Ken,Outer,542273.5307,189348.7849,380.9047872,0.917349519
Redbridge - Clementswood,00BCGE,E05000501,1.643033986,1.350438893,Ken,Outer,544375.3006,186281.4158,336.6802395,1.164783427
Redbridge - Cranbrook,00BCGF,E05000502,0.174129353,1.119402985,Ken,Outer,542802.9227,187766.4841,352.9202899,1.313790932
Redbridge - Fairlop,00BCGG,E05000503,0.825614176,1.349174386,Boris,Outer,544440.2686,191115.1827,341.4,0.902141058
Redbridge - Fullwell,00BCGH,E05000504,0.691533948,1.068734283,Boris,Outer,543318.2278,190363.83,346.3951515,0.814476496
Redbridge - Goodmayes,00BCGJ,E05000505,0.815347722,1.318944844,Ken,Outer,546396.6205,186858.9662,332.44125,1.265429363
Redbridge - Hainault,00BCGK,E05000506,1.154428463,1.419379258,Boris,Outer,547268.1371,192315.9508,316.8794118,1.628430296
Redbridge - Loxford,00BCGL,E05000507,2.097627916,1.372279945,Ken,Outer,543944.7571,185494.0286,333.3288462,1.661510264
Redbridge - Mayfield,00BCGM,E05000508,1.01010101,0.939628847,Ken,Outer,545485.2613,186008.7372,331.8569697,1.355069583
Redbridge - Monkhams,00BCGN,E05000509,0.280570493,1.26256722,Boris,Outer,540417.9798,192642.2733,376.897561,0.535432099
Redbridge - Newbury,00BCGP,E05000510,1.71624714,0.972540046,Ken,Outer,544944.0947,187902.2571,364.8970954,1.029834254
Redbridge - Roding,00BCGQ,E05000511,0.29768233,0.956836062,Boris,Outer,541243.5212,190319.3203,343.45,1.141130604
Redbridge - Seven Kings,00BCGR,E05000512,0.754242615,1.319924576,Ken,Outer,546183.3317,187940.5178,348.9205556,1.09930459
Redbridge - Snaresbrook,00BCGS,E05000513,0.404783809,1.306347746,Boris,Outer,540137.9571,189084.1705,343.2671429,0.763096774
Redbridge - Valentines,00BCGT,E05000514,0.480769231,1.505016722,Ken,Outer,543491.2077,186926.3217,360.1405797,1.00757315
Redbridge - Wanstead,00BCGU,E05000515,0.238870793,0.912052117,Boris,Outer,540987.4837,187328.7882,358.5171717,0.760215947
Richmond upon Thames - Barnes,00BDFW,E05000516,0.279329609,1.582867784,Boris,Outer,522499.8785,177098.9918,335.2564103,1.241308793
Richmond upon Thames - East Sheen,00BDFX,E05000517,0.048181161,1.132257287,Boris,Outer,520716.4104,173895.6079,374.2517241,0.703342246
Richmond upon Thames - Fulwell and Hampton Hill,00BDFY,E05000518,0.282220132,0.658513641,Boris,Outer,514682.8483,171228.1441,379.6965116,0.588979964
"Richmond upon Thames - Ham, Petersham & Richmond Riverside",00BDFZ,E05000519,0.853932584,1.97752809,Boris,Outer,518551.7337,172347.698,337.08125,1.043275488
Richmond upon Thames - Hampton,00BDGA,E05000520,1.102060374,1.221849545,Boris,Outer,514831.3188,169122.2241,378.943038,0.575350467
Richmond upon Thames - Hampton North,00BDGB,E05000521,1.908957416,1.150269212,Boris,Outer,513075.846,171126.126,326.0037975,1.097231097
Richmond upon Thames - Hampton Wick,00BDGC,E05000522,1.032547699,1.391694725,Boris,Outer,517236.9799,169974.9169,365.7163636,0.825296443
Richmond upon Thames - Heathfield,00BDGD,E05000523,0.918836141,1.174068402,Boris,Outer,513240.8564,173403.5762,343.6615385,1.629812207
Richmond upon Thames - Kew,00BDGE,E05000524,1.49073328,1.087832393,Boris,Outer,518948.8928,176696.4927,365.3009709,0.833853541
Richmond upon Thames - Mortlake and Barnes Common,00BDGF,E05000525,0.526209269,1.133373811,Boris,Outer,521654.5933,175894.7658,350.4808511,1.061945637
Richmond upon Thames - North Richmond,00BDGG,E05000526,0.565919095,1.509117585,Boris,Outer,518282.8325,175608.9045,351.2642202,0.818500605
Richmond upon Thames - St. Margarets & North Twickenham,00BDGH,E05000527,1.217656012,1.174168297,Boris,Outer,516125.9886,174242.0598,377.260274,0.769083969
Richmond upon Thames - South Richmond,00BDGJ,E05000528,0.367647059,1.567337461,Boris,Outer,518737.8515,174551.5107,348,0.910956175
Richmond upon Thames - South Twickenham,00BDGK,E05000529,0.49419323,1.037805782,Boris,Outer,515557.6152,172582.3629,385.6716981,0.469230769
Richmond upon Thames - Teddington,00BDGL,E05000530,0.866551127,0.779896014,Boris,Outer,515864.1543,170294.7578,384.121875,0.484725275
Richmond upon Thames - Twickenham Riverside,00BDGM,E05000531,0.432722028,1.566041624,Boris,Outer,516980.4466,173793.1479,379.1382353,0.880418535
Richmond upon Thames - West Twickenham,00BDGN,E05000532,0.420560748,1.051401869,Boris,Outer,514179.6025,172437.0753,351.2392857,0.948752834
Richmond upon Thames - Whitton,00BDGP,E05000533,0.786575773,1.048767698,Boris,Outer,514246.8316,174000.6221,371.6293578,0.947837599
Southwark - Brunswick Park,00BEGC,E05000534,1.710051302,1.083032491,Ken,Inner,533087.3245,176707.2314,345.3270073,1.255878285
Southwark - Camberwell Green,00BEGD,E05000535,1.593176698,1.11039588,Ken,Inner,532351.0224,177069.0425,342.6703226,1.203262032
Southwark - Cathedrals,00BEGE,E05000536,2.258793159,2.242658922,Ken,Inner,531903.6753,179794.8457,339.8063694,1.560654008
Southwark - Chaucer,00BEGF,E05000537,4.298315958,1.331194868,Ken,Inner,532624.8402,179396.0708,348.5793939,1.36468222
Southwark - College,00BEGG,E05000538,1.465346535,1.207920792,Ken,Inner,533756.0928,172528.9249,329.1939759,1.459193707
Southwark - East Dulwich,00BEGH,E05000539,0.547479705,1.038323579,Ken,Inner,533981.2545,174630.6555,342.7333333,1.192819979
Southwark - East Walworth,00BEGJ,E05000540,1.838546069,1.35249366,Ken,Inner,533071.188,178405.3371,316.6497436,1.45096
Southwark - Faraday,00BEGK,E05000541,0.398565165,0.876843364,Ken,Inner,532832.8663,177926.5622,333.7645161,1.365549972
Southwark - Grange,00BEGL,E05000542,1.833688699,1.435678749,Ken,Inner,533461.6045,179297.7733,332.9729167,1.211101623
Southwark - Livesey,00BEGM,E05000543,1.349892009,1.439884809,Ken,Inner,534758.8925,177721.4211,330.7509677,1.796822917
Southwark - Newington,00BEGN,E05000544,1.494476933,1.153346329,Ken,Inner,531923.0981,178088.2146,343.41,1.337789203
Southwark - Nunhead,00BEGP,E05000545,1.709552344,1.145576313,Ken,Inner,535242.1506,176136.9352,345.825,1.485254346
Southwark - Peckham,00BEGQ,E05000546,3.267019529,1.168096368,Ken,Inner,533906.2076,177179.9826,339.1827411,1.129446195
Southwark - Peckham Rye,00BEGR,E05000547,1.542506573,0.946538124,Ken,Inner,535053.1259,174768.3038,358.0081818,1.257228018
Southwark - Riverside,00BEGS,E05000548,3.083071653,1.641450186,Boris,Inner,534026.4196,179640.2353,342.17,1.568742791
Southwark - Rotherhithe,00BEGT,E05000549,3.167951726,1.190077104,Ken,Inner,535351.2139,179345.592,326.2192308,1.492651515
Southwark - South Bermondsey,00BEGU,E05000550,3.96368081,0.803212851,Ken,Inner,534296.179,178504.5263,335.7333333,1.328104956
Southwark - South Camberwell,00BEGW,E05000551,1.039827349,1.039827349,Ken,Inner,533235.0836,175545.7662,340.8171875,1.416824645
Southwark - Surrey Docks,00BEGX,E05000552,1.521164021,1.273148148,Boris,Inner,536196.5788,179658.0037,294.2690789,1.34330617
Southwark - The Lane,00BEGY,E05000553,3.069213905,1.284058879,Ken,Inner,534233.8792,176137.076,331.3538462,1.353704838
Southwark - Village,00BEGZ,E05000554,0.283842795,1.113537118,Boris,Inner,533043.9979,174046.8858,375.5192308,0.394305694
Sutton - Beddington North,00BFGC,E05000555,0.322021303,0.644042606,Boris,Outer,529699.0804,165794.2157,358.6525424,0.934978843
Sutton - Beddington South,00BFGD,E05000556,2.833414753,0.757205667,Boris,Outer,530153.2665,163084.8799,349.355,1.410491803
Sutton - Belmont,00BFGE,E05000557,0.484317343,0.853321033,Boris,Outer,525866.6824,162543.3891,381.1536585,0.62888666
Sutton - Carshalton Central,00BFGF,E05000558,0.214438885,0.619490112,Boris,Outer,527521.5899,164403.6978,370.5992248,0.642158516
Sutton - Carshalton South and Clockhouse,00BFGG,E05000559,0.307950728,0.671892497,Boris,Outer,528037.1924,161749.2665,370.3068966,0.766586922
Sutton - Cheam,00BFGH,E05000560,0.153295861,0.919775166,Boris,Outer,524340.2647,162489.4105,381.7442105,0.585337727
Sutton - Nonsuch,00BFGJ,E05000561,0.199302441,0.67264574,Boris,Outer,523125.6607,164979.418,379.8434211,0.5595053
Sutton - St. Helier,00BFGK,E05000562,1.588683351,0.522306855,Boris,Outer,526515.2696,166362.6677,325.6480769,1.499521277
Sutton - Stonecot,00BFGL,E05000563,0.356597045,0.713194091,Boris,Outer,524671.3592,165938.4646,365.5088435,0.572466422
Sutton - Sutton Central,00BFGM,E05000564,2.364020757,0.768787238,Boris,Outer,526068.6986,164466.2374,354.141573,1.228385417
Sutton - Sutton North,00BFGN,E05000565,0.408261287,0.720461095,Boris,Outer,525845.5752,165540.7804,357.9180328,0.893048128
Sutton - Sutton South,00BFGP,E05000566,0.144003292,0.761160255,Boris,Outer,526323.1142,163451.5034,377.9766667,0.878468208
Sutton - Sutton West,00BFGQ,E05000567,0.363247863,0.61965812,Boris,Outer,525048.5536,164113.1323,374.5072289,0.731858407
Sutton - The Wrythe,00BFGR,E05000568,0.549844609,0.573750896,Boris,Outer,527538.3202,165525.2268,348.1437956,1.026547988
Sutton - Wallington North,00BFGS,E05000569,1.085511741,0.686752326,Boris,Outer,528820.7603,164751.5064,372.7491667,0.662988506
Sutton - Wallington South,00BFGT,E05000570,0.312151616,0.936454849,Boris,Outer,528922.8461,163343.4878,381.8367521,0.881301558
Sutton - Wandle Valley,00BFGU,E05000571,1.247357294,0.803382664,Boris,Outer,527772.9355,166698.5662,339.8380645,1.488129705
Sutton - Worcester Park,00BFGW,E05000572,0.663953737,0.642535875,Boris,Outer,523121.7369,166050.5338,374.7982759,0.811544012
Tower Hamlets - Bethnal Green North,00BGFW,E05000573,1.616799851,0.96636313,Ken,Inner,534837.5481,183157.1842,336.1875,1.191169154
Tower Hamlets - Bethnal Green South,00BGFX,E05000574,1.048817696,1.277650648,Ken,Inner,534921.7578,182289.7044,326.6615894,1.275028185
Tower Hamlets - Blackwall and Cubitt Town,00BGFY,E05000575,2.70395193,1.351975965,Ken,Inner,538366.7376,179830.7949,320.2636364,1.363191244
Tower Hamlets - Bow East,00BGFZ,E05000576,3.305534496,0.985595148,Ken,Inner,536963.6688,183844.4343,330.7912,1.595861601
Tower Hamlets - Bow West,00BGGA,E05000577,1.537232981,1.197843881,Ken,Inner,536263.7582,183208.1682,335.4297619,1.41531854
Tower Hamlets - Bromley-by-Bow,00BGGB,E05000578,3.010293261,1.456593513,Ken,Inner,537709.7112,182369.6959,340.2777174,1.160693153
Tower Hamlets - East India and Lansbury,00BGGC,E05000579,3.137478608,1.045826203,Ken,Inner,538149.1477,181470.4833,325.4334884,1.149962264
Tower Hamlets - Limehouse,00BGGD,E05000580,1.952755906,1.086614173,Ken,Inner,537093.2756,181023.0247,324.2169591,1.139185875
Tower Hamlets - Mile End and Globe Town,00BGGE,E05000581,2.167414051,1.00896861,Ken,Inner,535721.6128,182619.8363,342.6365079,1.116331225
Tower Hamlets - Mile End East,00BGGF,E05000582,0.494942974,1.119001506,Ken,Inner,536861.2217,182112.3328,341.8942857,1.37273622
Tower Hamlets - Millwall,00BGGG,E05000583,2.273357361,1.552536734,Boris,Inner,537460.693,179575.8259,333.8556034,1.639002404
Tower Hamlets - St. Dunstan's and Stepney Green,00BGGH,E05000584,5.384213278,1.498518906,Ken,Inner,535854.619,181596.8914,352.1426966,1.280813008
Tower Hamlets - St. Katherine's and Wapping,00BGGJ,E05000585,1.741460147,1.373074347,Ken,Inner,534412.551,180495.6157,349.4970149,1.14842615
Tower Hamlets - Shadwell,00BGGK,E05000586,4.07566638,1.513327601,Ken,Inner,535404.3217,180962.4712,342.7988971,1.042770475
Tower Hamlets - Spitalfields and Banglatown,00BGGL,E05000587,1.282051282,1.153846154,Ken,Inner,533894.9902,181772.9857,346.7684211,1.182432432
Tower Hamlets - Weavers,00BGGM,E05000588,1.058675758,0.951013817,Ken,Inner,533974.8792,182567.732,338.1116279,1.136377134
Tower Hamlets - Whitechapel,00BGGN,E05000589,2.139037433,1.10401932,Ken,Inner,534551.992,181394.9046,349.1344828,1.044986807
Waltham Forest - Cann Hall,00BHFX,E05000590,0.44105854,1.363271852,Ken,Outer,539572.3784,186171.9979,311.3495652,2.262416515
Waltham Forest - Cathall,00BHFY,E05000591,0.441501104,0.728476821,Ken,Outer,538770.0099,186076.1829,330.5306306,2.079423077
Waltham Forest - Chapel End,00BHFZ,E05000592,0.809317015,0.848795894,Ken,Outer,537798.2493,190589.037,326.7976744,1.350285122
Waltham Forest - Chingford Green,00BHGA,E05000593,0.693978061,0.873069174,Boris,Outer,538871.1872,194901.0676,355.82,0.994217687
Waltham Forest - Endlebury,00BHGB,E05000594,0.402939085,1.042901161,Boris,Outer,537872.2236,193892.1179,335.1430769,1.21815562
Waltham Forest - Forest,00BHGC,E05000595,1.473296501,1.127992634,Ken,Outer,538897.6471,188348.5705,336.8137615,1.252076003
Waltham Forest - Grove Green,00BHGD,E05000596,0.363984674,0.804597701,Ken,Outer,538427.746,186858.1613,330.8961165,1.397736144
Waltham Forest - Hale End and Highams Park,00BHGE,E05000597,1.17140808,0.788907483,Boris,Outer,538949.2249,191195.9546,350.1351852,0.917542857
Waltham Forest - Hatch Lane,00BHGF,E05000598,0.575348528,0.885151582,Boris,Outer,539233.0462,192847.3427,347.4217949,1.267769131
Waltham Forest - High Street,00BHGG,E05000599,1.260579867,0.972447326,Ken,Outer,535586.7646,188651.2958,339.6076923,1.312467363
Waltham Forest - Higham Hill,00BHGH,E05000600,2.282072368,1.439144737,Ken,Outer,536033.5618,190580.0737,319.7659864,1.375162095
Waltham Forest - Hoe Street,00BHGJ,E05000601,1.255307366,1.476832195,Ken,Outer,537695.1517,189062.3349,337.095283,1.535039894
Waltham Forest - Larkswood,00BHGK,E05000602,1.033475623,0.988541901,Boris,Outer,537897.2203,192482.2591,350.8349315,1.253262317
Waltham Forest - Lea Bridge,00BHGL,E05000603,1.429337145,0.982669287,Ken,Outer,536458.5222,187338.5396,331.4871508,1.652306945
Waltham Forest - Leyton,00BHGM,E05000604,1.459573651,1.094680238,Ken,Outer,537622.6298,186639.9688,317.2100671,1.923553507
Waltham Forest - Leytonstone,00BHGN,E05000605,1.635610766,0.973084886,Ken,Outer,539327.097,187499.0414,345.3857143,1.332542373
Waltham Forest - Markhouse,00BHGP,E05000606,1.870888158,0.945723684,Ken,Outer,536581.7393,188296.2217,336.26,1.696763926
Waltham Forest - Valley,00BHGQ,E05000607,0.300995601,1.018754341,Boris,Outer,536887.2991,192296.3465,336.5170068,1.347569231
Waltham Forest - William Morris,00BHGR,E05000608,1.349717969,1.188557615,Ken,Outer,536692.7125,189776.0661,342.7302752,1.025739645
Waltham Forest - Wood Street,00BHGS,E05000609,0.532420612,1.083856246,Ken,Outer,538769.7585,189481.8221,331.207377,1.277373508
Wandsworth - Balham,00BJFZ,E05000610,0.954198473,0.938295165,Boris,Inner,528526.9623,173944.0513,358.4527027,0.81609375
Wandsworth - Bedford,00BJGA,E05000611,0.715174129,0.792910448,Boris,Inner,528829.6971,172371.2808,342.1583942,0.996191646
Wandsworth - Earlsfield,00BJGB,E05000612,1.449275362,0.821754071,Boris,Inner,526194.6839,172799.6502,343.7298137,0.838598131
Wandsworth - East Putney,00BJGC,E05000613,0.976871139,1.321649188,Boris,Inner,524277.1431,174496.5265,338.573494,0.951532847
Wandsworth - Fairfield,00BJGD,E05000614,1.78412132,0.966399048,Boris,Inner,525977.6065,174864.3389,350.7,1.031428571
Wandsworth - Furzedown,00BJGE,E05000615,1.024693432,1.024693432,Ken,Inner,528963.5577,171142.3624,355.9993103,0.843655809
Wandsworth - Graveney,00BJGF,E05000616,1.475409836,1.131147541,Ken,Inner,527829.1038,171210.7916,334.7726316,0.974342105
Wandsworth - Latchmere,00BJGG,E05000617,1.850207223,0.947306098,Ken,Inner,527294.7648,175972.9022,338.8582677,1.138769415
Wandsworth - Nightingale,00BJGH,E05000618,0.923861102,1.306148455,Boris,Inner,527979.3591,173173.3224,354.8819149,0.951751592
Wandsworth - Northcote,00BJGJ,E05000619,0.434013824,0.803729304,Boris,Inner,527689.5035,174796.7801,356.3411765,0.832077922
Wandsworth - Queenstown,00BJGK,E05000620,4.01774398,1.166032953,Boris,Inner,528770.7942,177021.5545,323.0574359,1.493799823
Wandsworth - Roehampton,00BJGL,E05000621,0.75783092,1.128326036,Ken,Inner,522352.9081,173635.5179,336.2804688,1.603493976
Wandsworth - St. Mary's Park,00BJGM,E05000622,2.259522272,1.446094254,Boris,Inner,527015.9837,176536.5063,343.1741007,1.148335124
Wandsworth - Shaftesbury,00BJGN,E05000623,0.467435338,0.810221253,Boris,Inner,528060.6611,175647.7219,336.4358974,0.805254777
Wandsworth - Southfields,00BJGP,E05000624,2.156721783,0.747663551,Boris,Inner,525277.7039,173570.713,373.2755319,0.787885986
Wandsworth - Thamesfield,00BJGQ,E05000625,1.763453937,1.155366373,Boris,Inner,523863.0876,175531.5547,393.9901961,0.697339593
Wandsworth - Tooting,00BJGR,E05000626,1.011608624,1.227197347,Ken,Inner,527158.0794,171720.0739,344.8595041,1.031180124
Wandsworth - Wandsworth Common,00BJGS,E05000627,0.769230769,0.822898032,Boris,Inner,526858.4542,173586.7894,344.8590164,0.532988357
Wandsworth - West Hill,00BJGT,E05000628,1.448193491,1.074947746,Boris,Inner,524191.53,173245.9996,353.3901786,1.125126582
Wandsworth - West Putney,00BJGU,E05000629,2.002242512,1.041166106,Boris,Inner,522805.1628,174734.7534,338.4,1.524652456
Westminster - Abbey Road,00BKGA,E05000630,0.441628264,3.533026114,Boris,Inner,526456.4638,183348.7849,361.276,1.274022346
Westminster - Bayswater,00BKGB,E05000631,0.672849609,2.327695945,Boris,Inner,525552.397,181346.8934,367.0857143,1.197196262
Westminster - Bryanston and Dorset Square,00BKGC,E05000632,0.533290239,3.522947641,Boris,Inner,527623.7199,181669.4327,323.303125,1.027631579
Westminster - Churchill,00BKGD,E05000633,2.499451875,1.490901118,Boris,Inner,528714.297,178220.6378,351.6733813,0.93725851
Westminster - Church Street,00BKGE,E05000634,0.932400932,1.780038144,Ken,Inner,527071.2117,182139.2287,345.8558333,1.504254112
Westminster - Harrow Road,00BKGF,E05000635,1.067157314,1.361545538,Ken,Inner,524999.0384,182392.4687,325.871875,1.192589704
Westminster - Hyde Park,00BKGG,E05000636,0.937251787,3.764892772,Boris,Inner,526870.3722,181264.1808,344.8823529,1.616
Westminster - Knightsbridge and Belgravia,00BKGH,E05000637,0.515198351,9.994848016,Boris,Inner,527330.463,179978.4406,374.4,0.45
Westminster - Lancaster Gate,00BKGJ,E05000638,0.397702165,2.872293416,Boris,Inner,526018.7425,180921.6497,385.18,1.707606264
Westminster - Little Venice,00BKGK,E05000639,0.384381954,2.366983613,Boris,Inner,526301.8876,182085.1175,354.5785714,1.223244147
Westminster - Maida Vale,00BKGL,E05000640,0.491071429,1.941964286,Boris,Inner,525684.3834,182764.1746,343.8254545,1.531644144
Westminster - Marylebone High Street,00BKGM,E05000641,0.536639526,4.163582531,Boris,Inner,528429.4526,181698.8217,372.9615385,1.112682927
Westminster - Queen's Park,00BKGN,E05000642,1.245620864,1.128843908,Ken,Inner,524354.0214,182691.9357,345.8034965,1.320689655
Westminster - Regent's Park,00BKGP,E05000643,0.675904022,3.666779317,Boris,Inner,527596.3961,182833.3094,348.8,1.206326889
Westminster - St. James's,00BKGQ,E05000644,0.748643084,4.884896126,Boris,Inner,529786.2874,180070.5024,350.2471429,0.863038549
Westminster - Tachbrook,00BKGR,E05000645,0.325520833,1.692708333,Boris,Inner,529591.4402,178259.5661,344.9432432,1.014754098
Westminster - Vincent Square,00BKGS,E05000646,1.495768549,2.873450108,Boris,Inner,529719.1279,178793.7703,335.2507463,0.909119497
Westminster - Warwick,00BKGT,E05000647,1.134328358,2.288557214,Boris,Inner,528952.536,178655.3201,343.4133333,0.959124088
Westminster - Westbourne,00BKGU,E05000648,1.605675878,1.960418223,Ken,Inner,525414.544,181807.3312,342.1986014,1.194530321
Westminster - West End,00BKGW,E05000649,0.372881356,5.389830508,Boris,Inner,528919.3839,180901.999,303.2173913,0.887109375
